CIA;LONG_IND;LAT_IND
Caixa;-3,48172875;40,53102522
Caixa;-3,989591794;40,23070217
Caixa;-3,370189459;40,50776085
Caixa;-3,376133746;40,49006602
Caixa;-3,355581521;40,48619414
Caixa;-3,376852885;40,47518077
Caixa;-3,373846059;40,49458695
Caixa;-3,367031018;40,48697816
Caixa;-3,35832319;40,4892127
Caixa;-3,364647453;40,49785958
Caixa;-3,365128832;40,47345263
Caixa;-3,370444088;40,47036364
Caixa;-3,363722149;40,47948411
Caixa;-3,34823578;40,48491019
Caixa;-3,360435347;40,48700793
Caixa;-3,370400868;40,47752596
Caixa;-3,364922322;40,4832461
Caixa;-3,633816677;40,53121897
Caixa;-3,637009476;40,53672386
Caixa;-3,647194817;40,5349826
Caixa;-3,640331517;40,55326379
Caixa;-3,640231937;40,54404828
Caixa;-3,656473467;40,53475908
Caixa;-3,634410933;40,54039576
Caixa;-3,639294903;40,54858492
Caixa;-3,645310894;40,50845292
Caixa;-3,621313062;40,52738603
Caixa;-3,656045846;40,54539197
Caixa;-3,824494063;40,35127781
Caixa;-3,810701766;40,34707797
Caixa;-3,834581934;40,33855667
Caixa;-3,82802677;40,34646874
Caixa;-3,813242191;40,35663681
Caixa;-3,833810195;40,34472447
Caixa;-3,802651215;40,35332338
Caixa;-3,817147876;40,34459114
Caixa;-3,841564933;40,34719986
Caixa;-3,819678736;40,35134808
Caixa;-3,824854931;40,34996892
Caixa;-3,829982421;40,34175197
Caixa;-3,501451933;40,596652
Caixa;-3,542818665;40,58956425
Caixa;-4,024193653;40,658503
Caixa;-3,593305838;40,03053592
Caixa;-3,597368616;40,03543432
Caixa;-3,603671062;40,03104999
Caixa;-3,616801595;40,02496238
Caixa;-3,442250383;40,30126158
Caixa;-3,469494729;40,30692017
Caixa;-3,446199677;40,30953495
Caixa;-3,437552463;40,30081096
Caixa;-3,920845979;40,27454083
Caixa;-3,920860363;40,26953161
Caixa;-3,988430503;40,71594676
Caixa;-3,338830513;40,13372884
Caixa;-3,886822165;40,40162768
Caixa;-3,876000237;40,40677323
Caixa;-3,997497123;40,40546453
Caixa;-3,63633816;40,99402725
Caixa;-3,377584221;40,54881773
Caixa;-3,38196503;40,33827919
Caixa;-3,829947956;40,17051349
Caixa;-4,057144442;40,74050745
Caixa;-3,619148749;40,15995824
Caixa;-3,502341948;40,56712616
Caixa;-4,19811685;40,4165143
Caixa;-3,388750572;40,10869658
Caixa;-4,015710828;40,56005953
Caixa;-3,776871742;40,66713438
Caixa;-3,765441893;40,65875161
Caixa;-4,025727542;40,69375776
Caixa;-4,018523034;40,6270952
Caixa;-4,01581257;40,61988516
Caixa;-4,005570605;40,62673126
Caixa;-4,006489664;40,62966906
Caixa;-3,992332528;40,64619625
Caixa;-3,566474291;40,42512758
Caixa;-3,543083985;40,43514079
Caixa;-3,541741176;40,41913797
Caixa;-3,561111775;40,42953214
Caixa;-3,540884106;40,4283943
Caixa;-3,418973668;40,14071931
Caixa;-3,458334911;40,54255271
Caixa;-4,129348642;40,5822918
Caixa;-3,108245094;40,18342014
Caixa;-3,803837526;40,28955735
Caixa;-3,789757165;40,2836722
Caixa;-3,78578925;40,29251023
Caixa;-3,758626566;40,26966393
Caixa;-3,804433803;40,28527383
Caixa;-3,802075172;40,29672288
Caixa;-3,796623627;40,29539115
Caixa;-3,838153219;40,30080956
Caixa;-3,808507191;40,30033584
Caixa;-3,791430033;40,28892215
Caixa;-3,744334612;40,26412596
Caixa;-3,512183923;40,63390128
Caixa;-3,159847696;40,11819423
Caixa;-4,003461149;40,57740924
Caixa;-3,737065837;40,32468741
Caixa;-3,722923757;40,31757832
Caixa;-3,724409787;40,31015446
Caixa;-3,72246603;40,32542818
Caixa;-3,739700546;40,32019304
Caixa;-3,737892408;40,30438444
Caixa;-3,705079271;40,30384132
Caixa;-3,736334289;40,30935844
Caixa;-3,727733725;40,31283636
Caixa;-3,716402547;40,31193409
Caixa;-3,721490964;40,31123579
Caixa;-3,731722924;40,30516238
Caixa;-3,728268553;40,30894102
Caixa;-3,745704359;40,2967486
Caixa;-3,852425111;40,21264
Caixa;-3,693961686;40,78464774
Caixa;-4,089431667;40,67230147
Caixa;-3,906516346;40,62182181
Caixa;-3,814583037;40,26540956
Caixa;-3,827049555;40,25287936
Caixa;-3,772865804;40,33231875
Caixa;-3,762809435;40,32997106
Caixa;-3,781035198;40,35881378
Caixa;-3,749309276;40,34293338
Caixa;-3,738655655;40,33663243
Caixa;-3,786780371;40,31405347
Caixa;-3,753388257;40,3296364
Caixa;-3,761160615;40,32571158
Caixa;-3,755394927;40,33646126
Caixa;-3,749634986;40,33512934
Caixa;-3,766914043;40,32443932
Caixa;-3,769279904;40,33998241
Caixa;-3,771413088;40,32673377
Caixa;-3,769506772;40,33404388
Caixa;-3,753431437;40,33351907
Caixa;-3,763888682;40,32754948
Caixa;-3,658344583;40,39276685
Caixa;-3,67529628;40,43837202
Caixa;-3,620656699;40,45490353
Caixa;-3,69693724;40,47081107
Caixa;-3,654200835;40,44183568
Caixa;-3,712696229;40,47852573
Caixa;-3,675563927;40,47334336
Caixa;-3,671283276;40,50784551
Caixa;-3,719275083;40,48143991
Caixa;-3,683033877;40,40485798
Caixa;-3,675965908;40,40162021
Caixa;-3,672862449;40,40001668
Caixa;-3,628161967;40,40724119
Caixa;-3,658273909;40,43510083
Caixa;-3,601766253;40,36526395
Caixa;-3,787410992;40,44516721
Caixa;-3,675008681;40,42376106
Caixa;-3,698842721;40,45320504
Caixa;-3,696541619;40,35932649
Caixa;-3,581334483;40,47107194
Caixa;-3,625329558;40,4577252
Caixa;-3,722626865;40,40115783
Caixa;-3,651538967;40,42626508
Caixa;-3,67784867;40,40722184
Caixa;-3,671608605;40,40665465
Caixa;-3,695235921;40,5060012
Caixa;-3,648077936;40,40711326
Caixa;-3,74744985;40,38353145
Caixa;-3,737829567;40,39153924
Caixa;-3,689145353;40,35813655
Caixa;-3,782349416;40,45915646
Caixa;-3,656771493;40,38123514
Caixa;-3,651390918;40,38646383
Caixa;-3,758767703;40,36218727
Caixa;-3,667539417;40,3860384
Caixa;-3,727744563;40,42663032
Caixa;-3,620675613;40,40310141
Caixa;-3,685574965;40,47058173
Caixa;-3,708572978;40,42969537
Caixa;-3,676718992;40,41680509
Caixa;-3,673354438;40,42573468
Caixa;-3,667632248;40,42883093
Caixa;-3,656805959;40,43206413
Caixa;-3,643923967;40,43496543
Caixa;-3,626105559;40,44094621
Caixa;-3,69520519;40,3668031
Caixa;-3,757490118;40,36799751
Caixa;-3,710195647;40,44946018
Caixa;-3,623245477;40,37890714
Caixa;-3,700783067;40,38905796
Caixa;-3,714807194;40,39717938
Caixa;-3,708498927;40,39454251
Caixa;-3,641449442;40,39042935
Caixa;-3,613559809;40,42020258
Caixa;-3,697177013;40,35126849
Caixa;-3,707869732;40,41771766
Caixa;-3,679009467;40,39372844
Caixa;-3,655403034;40,45513517
Caixa;-3,658541549;40,45769391
Caixa;-3,698417765;40,41214449
Caixa;-3,592094832;40,4618912
Caixa;-3,695795552;40,42074592
Caixa;-3,590508879;40,4531876
Caixa;-3,677258465;40,34830571
Caixa;-3,613358404;40,44474428
Caixa;-3,703539741;40,45125763
Caixa;-3,701071071;40,45768703
Caixa;-3,69801468;40,46093975
Caixa;-3,692670926;40,46545836
Caixa;-3,704193865;40,44613654
Caixa;-3,669226994;40,47670454
Caixa;-3,727636961;40,38600018
Caixa;-3,730401182;40,38231606
Caixa;-3,656913564;40,41040576
Caixa;-3,701902563;40,46618645
Caixa;-3,691831251;40,4583463
Caixa;-3,662476926;40,3900135
Caixa;-3,675533231;40,44201929
Caixa;-3,670422024;40,43077876
Caixa;-3,681333623;40,42557081
Caixa;-3,610334337;40,38414724
Caixa;-3,71593297;40,43892029
Caixa;-3,717766567;40,48713392
Caixa;-3,671464095;40,44190786
Caixa;-3,686873878;40,42206054
Caixa;-3,71857021;40,39534524
Caixa;-3,746167108;40,40073804
Caixa;-3,618906181;40,37202044
Caixa;-3,667482083;40,44464264
Caixa;-3,658497988;40,47738778
Caixa;-3,682632437;40,43510371
Caixa;-3,67025342;40,4102301
Caixa;-3,669038973;40,41612906
Caixa;-3,708671382;40,38289271
Caixa;-3,671734903;40,46318554
Caixa;-3,693083466;40,39193322
Caixa;-3,70120617;40,40372217
Caixa;-3,625386286;40,43331044
Caixa;-3,670729147;40,43439861
Caixa;-3,766422514;40,39540733
Caixa;-3,696919033;40,44051396
Caixa;-3,653679709;40,43916294
Caixa;-3,665502598;40,4113116
Caixa;-3,750983524;40,37392289
Caixa;-3,642584066;40,42797287
Caixa;-3,721699114;40,46541589
Caixa;-3,745157927;40,37653717
Caixa;-3,704011744;40,4851735
Caixa;-3,674519993;40,42204318
Caixa;-3,647099669;40,44277655
Caixa;-3,714764777;40,43549509
Caixa;-3,695840489;40,40107889
Caixa;-3,64683666;40,42886808
Caixa;-3,708394236;40,45647121
Caixa;-3,701278343;40,42656867
Caixa;-3,696827457;40,44763163
Caixa;-3,677793265;40,43341146
Caixa;-3,726344495;40,39181015
Caixa;-3,730128318;40,3897773
Caixa;-3,784775983;40,45179771
Caixa;-3,708066904;40,37016655
Caixa;-3,698633076;40,41928737
Caixa;-3,708458115;40,42211948
Caixa;-3,716131873;40,37094573
Caixa;-3,641667714;40,43078878
Caixa;-3,693317689;40,42624731
Caixa;-3,636631506;40,43556438
Caixa;-3,625546443;40,42005726
Caixa;-3,69811956;40,42434454
Caixa;-3,742397709;40,40516773
Caixa;-3,670717911;40,41784006
Caixa;-3,752156923;40,38940187
Caixa;-3,765235301;40,39670349
Caixa;-3,762586644;40,39380205
Caixa;-3,677090073;40,51134313
Caixa;-3,717916159;40,48013305
Caixa;-3,697904894;40,39672407
Caixa;-3,708433393;40,45346197
Caixa;-3,699702351;40,43829895
Caixa;-3,684551396;40,43017343
Caixa;-3,677571996;40,4301605
Caixa;-3,771631798;40,38208432
Caixa;-3,768835853;40,3775984
Caixa;-3,685161678;40,43338604
Caixa;-3,719410665;40,41009685
Caixa;-3,663743583;40,41821364
Caixa;-3,691292358;40,35157409
Caixa;-3,714051437;40,38140915
Caixa;-3,632909195;40,43341364
Caixa;-3,713778227;40,44254623
Caixa;-3,719018325;40,47285598
Caixa;-3,704887094;40,49666356
Caixa;-3,647019092;40,43191211
Caixa;-3,742371275;40,39096062
Caixa;-3,669608356;40,4473961
Caixa;-3,65280406;40,46808679
Caixa;-3,761546737;40,38725932
Caixa;-3,636777414;40,38101363
Caixa;-3,643917073;40,47377626
Caixa;-3,709264899;40,38556477
Caixa;-3,702566976;40,38611918
Caixa;-3,719949202;40,42966112
Caixa;-3,702288427;40,4624634
Caixa;-3,651041159;40,40642093
Caixa;-3,611030052;40,43243225
Caixa;-3,706900988;40,41638124
Caixa;-3,703745771;40,47665266
Caixa;-3,678350427;40,41963338
Caixa;-3,663604903;40,4688541
Caixa;-3,692084989;40,37381289
Caixa;-3,695918361;40,44409657
Caixa;-3,629599127;40,46531462
Caixa;-3,636898689;40,40764385
Caixa;-3,70577222;40,39859525
Caixa;-3,735134151;40,38962846
Caixa;-3,753641498;40,38517596
Caixa;-3,780003732;40,37864975
Caixa;-3,661846891;40,48803525
Caixa;-3,647403162;40,38957635
Caixa;-3,696497962;40,45912007
Caixa;-3,703523071;40,40214051
Caixa;-3,686192012;40,35374864
Caixa;-3,616141626;40,42799069
Caixa;-3,712889766;40,47451556
Caixa;-3,633532357;40,42695075
Caixa;-3,712891994;40,42562376
Caixa;-3,715817999;40,42919127
Caixa;-3,688715869;40,45586941
Caixa;-3,655379709;40,49277477
Caixa;-3,679352056;40,43834826
Caixa;-3,687060476;40,38593307
Caixa;-3,675222437;40,44748957
Caixa;-3,674432724;40,41566529
Caixa;-3,619881158;40,37943875
Caixa;-3,690955649;40,42236955
Caixa;-3,657759865;40,42590553
Caixa;-3,712462787;40,43186966
Caixa;-3,609668398;40,42395291
Caixa;-3,699779641;40,42869487
Caixa;-3,696999111;40,41515307
Caixa;-3,706658914;40,42704041
Caixa;-3,608310961;40,40412208
Caixa;-3,701447853;40,44174783
Caixa;-3,696822841;40,43005507
Caixa;-3,68089287;40,45199685
Caixa;-3,67114586;40,38379227
Caixa;-3,606265874;40,4336195
Caixa;-3,675864691;40,44450384
Caixa;-3,635124592;40,44457269
Caixa;-3,712538209;40,40549974
Caixa;-3,70825005;40,43712077
Caixa;-3,757848437;40,39367104
Caixa;-3,68347551;40,43569332
Caixa;-3,684205137;40,42159888
Caixa;-3,683630912;40,43357528
Caixa;-3,714726267;40,42406288
Caixa;-3,68279228;40,35293091
Caixa;-3,707999906;40,46159973
Caixa;-3,690770661;40,35353219
Caixa;-3,753171424;40,40643139
Caixa;-3,689663674;40,48742216
Caixa;-3,651746375;40,43675944
Caixa;-3,699649184;40,41838032
Caixa;-3,739971379;40,39345349
Caixa;-3,733020295;40,37396607
Caixa;-3,672093062;40,45651681
Caixa;-3,693421816;40,42949895
Caixa;-3,719828112;40,38622023
Caixa;-3,659092157;40,39934824
Caixa;-3,784968353;40,46427381
Caixa;-3,712876919;40,41079498
Caixa;-3,639233389;40,46503652
Caixa;-3,649454081;40,46319576
Caixa;-3,704899777;40,43356467
Caixa;-3,705982154;40,42996347
Caixa;-3,698476173;40,40069362
Caixa;-3,707582503;40,40380044
Caixa;-3,712311331;40,34593295
Caixa;-3,68899636;40,4694713
Caixa;-3,689929668;40,42924957
Caixa;-3,690551185;40,43699362
Caixa;-3,693242433;40,44761715
Caixa;-3,694652026;40,39666258
Caixa;-3,738148182;40,40992469
Caixa;-3,727392259;40,4136235
Caixa;-3,722336842;40,42252909
Caixa;-3,680194457;40,4622622
Caixa;-3,690420269;40,44724665
Caixa;-3,681403606;40,4558587
Caixa;-3,665165421;40,42614244
Caixa;-3,741743471;40,38636101
Caixa;-3,693541835;40,41248916
Caixa;-3,695903947;40,4049524
Caixa;-3,721122429;40,40152758
Caixa;-3,694028722;40,39448613
Caixa;-3,707533165;40,43171975
Caixa;-3,688004444;40,49479235
Caixa;-3,700883842;40,40900343
Caixa;-3,708139929;40,41538267
Caixa;-3,695087098;40,42406551
Caixa;-3,690419963;40,50249858
Caixa;-3,696172298;40,40697783
Caixa;-3,667409731;40,51595795
Caixa;-3,877126521;40,47351197
Caixa;-3,871066353;40,47377402
Caixa;-3,875315065;40,4702825
Caixa;-3,85499557;40,47629039
Caixa;-3,87658869;40,45755227
Caixa;-3,865373778;40,46040252
Caixa;-3,870730311;40,4696775
Caixa;-3,865009452;40,7273425
Caixa;-3,326239565;40,5524966
Caixa;-3,491043799;40,39649027
Caixa;-3,767597242;40,81351287
Caixa;-3,583904085;40,73569213
Caixa;-3,849013267;40,26220703
Caixa;-3,967106807;40,6806969
Caixa;-3,436432875;40,22917287
Caixa;-3,863399269;40,32441705
Caixa;-3,858350918;40,32823846
Caixa;-3,867800129;40,31419479
Caixa;-3,852231841;40,32372508
Caixa;-3,864135981;40,33788018
Caixa;-3,884549142;40,3287528
Caixa;-3,855062945;40,32887543
Caixa;-3,856111981;40,31593956
Caixa;-3,87139896;40,32681656
Caixa;-3,867766728;40,32997003
Caixa;-3,880808514;40,3217182
Caixa;-3,878168737;40,31147686
Caixa;-3,856204913;40,31956956
Caixa;-3,863738813;40,3196577
Caixa;-3,869755167;40,32163967
Caixa;-3,863533601;40,33126298
Caixa;-4,016164289;40,72878622
Caixa;-4,124282612;40,4680207
Caixa;-4,013512611;40,2874691
Caixa;-4,009956186;40,29196873
Caixa;-3,265049326;40,35484084
Caixa;-3,532008428;40,5048229
Caixa;-3,751496192;40,2279344
Caixa;-3,770847158;40,24484372
Caixa;-3,765248442;40,23001553
Caixa;-3,764625396;40,23941635
Caixa;-3,777475895;40,24156504
Caixa;-3,771554627;40,23570358
Caixa;-3,769607526;40,24127528
Caixa;-3,600331795;40,74374259
Caixa;-4,334658506;40,35892074
Caixa;-3,352414531;40,23421616
Caixa;-3,693085483;40,24134443
Caixa;-3,697691543;40,24911881
Caixa;-3,697667164;40,24216377
Caixa;-3,804235988;40,43411449
Caixa;-3,797379637;40,43656738
Caixa;-3,802043924;40,44708462
Caixa;-3,797865599;40,41982532
Caixa;-3,785353326;40,39803707
Caixa;-3,813980229;40,4355688
Caixa;-4,057491079;40,42562482
Caixa;-3,550050505;40,36545842
Caixa;-3,51806262;40,3379389
Caixa;-3,513247972;40,32869888
Caixa;-4,238368469;40,5013039
Caixa;-3,87278147;40,4941662
Caixa;-3,896860254;40,52030566
Caixa;-3,895081533;40,5063918
Caixa;-3,872726709;40,49176124
Caixa;-3,928251125;40,51784157
Caixa;-3,895910259;40,55268161
Caixa;-3,612543881;40,6830685
Caixa;-3,533183395;40,42509672
Caixa;-3,52720027;40,41824121
Caixa;-3,532899175;40,42941337
Caixa;-4,147147259;40,59152138
Caixa;-3,581184696;40,2121845
Caixa;-3,633363272;40,55453641
Caixa;-3,617302194;40,54961442
Caixa;-3,630627901;40,5462362
Caixa;-3,622851903;40,54949455
Caixa;-3,627094052;40,54594012
Caixa;-3,615295627;40,56135465
Caixa;-4,026961139;40,34663019
Caixa;-3,784676964;40,75359085
Caixa;-3,514247302;40,74550053
Caixa;-3,314089203;40,24631802
Caixa;-3,46181788;40,45984547
Caixa;-3,471895904;40,4572552
Caixa;-3,450145938;40,46408071
Caixa;-3,483500319;40,45711716
Caixa;-3,466893631;40,4638431
Caixa;-3,45565984;40,45441943
Caixa;-3,483880787;40,44603444
Caixa;-3,469963184;40,46085768
Caixa;-3,47186147;40,44558863
Caixa;-3,464535634;40,44515883
Caixa;-3,479807981;40,45866408
Caixa;-3,778157283;40,18707204
Caixa;-3,538845613;40,82571724
Caixa;-3,953892437;40,57873009
Caixa;-3,362017956;40,40596634
Caixa;-4,068697924;40,50128601
Caixa;-3,680671539;40,20150668
Caixa;-3,672013039;40,17898872
Caixa;-3,683566816;40,18093018
Caixa;-3,688478874;40,19509088
Caixa;-3,677891413;40,19488308
Caixa;-3,677201546;40,19167076
Caixa;-3,47409091;40,62995595
Caixa;-3,514180159;40,69523271
Caixa;-3,300686372;40,29427441
Caixa;-3,487076391;40,36755163
Caixa;-3,485242621;40,10456651
Caixa;-4,305838422;40,27752987
Caixa;-3,301728222;40,43308568
Caixa;-4,110082112;40,29804235
Caixa;-4,003610725;40,43938427
Caixa;-3,998787235;40,44807458
Caixa;-3,963712312;40,49560579
Caixa;-3,276372788;40,16857249
Caixa;-3,893737422;40,35065535
Caixa;-3,901875166;40,35779943
Caixa;-3,907378181;40,3571708
Caixa;-3,713292608;40,61049259
Caixa;-3,712576736;40,59874059
Caixa;-3,700973724;40,59677561
Caixa;-3,726346976;40,3053314
Caixa;-3,896202946;40,40522201
Caixa;-3,839151363;40,19115966
Caixa;-3,802661157;40,28161038
Caixa;-3,796482251;40,27833769
Caixa;-3,408707401;40,38396354
Caixa;-3,687500665;40,36665096
Caixa;-3,773833122;40,397376
Caixa;-3,688260289;40,46323247
Caixa;-3,654144124;40,41043047
Caixa;-3,621915303;40,39822984
Caixa;-3,688092007;40,46061186
Caixa;-3,645912317;40,46778316
Caixa;-3,711175787;40,33198475
Caixa;-3,691585589;40,46084326
Caixa;-3,51179842;40,50115744
Caixa;-3,676944092;40,19177137
Caixa;-3,616844473;40,55507623
Caixa;-3,66261573;40,43901297
Caixa;-3,587147984;40,4572768
Caixa;-3,706480707;40,34685161
Caixa;-3,712782231;40,44648931
Caixa;-3,678521264;40,42373149
Caixa;-3,651272944;40,44878915
Caixa;-3,681555412;40,43469565
Caixa;-3,673458932;40,40311233
Caixa;-3,674095958;40,43388353
Caixa;-3,712235945;40,45729445
Caixa;-3,694891845;40,45090453
Caixa;-3,708429121;40,41148899
Caixa;-3,683604407;40,42862948
Caixa;-3,730928903;40,41260119
Caixa;-3,693177781;40,40572554
BBVA;-3,376145093;40,4899849
BBVA;-3,348472408;40,48503561
BBVA;-3,356759657;40,48585717
BBVA;-3,373139278;40,4777694
BBVA;-3,36681932;40,48710496
BBVA;-3,372214306;40,50680841
BBVA;-3,363856345;40,49778099
BBVA;-3,36407434;40,48352805
BBVA;-3,359505089;40,48736218
BBVA;-3,3665442;40,47340311
BBVA;-3,639937207;40,55154528
BBVA;-3,637115688;40,53547104
BBVA;-3,645809817;40,54814329
BBVA;-3,639048931;40,54382961
BBVA;-3,652500369;40,54998855
BBVA;-3,632613289;40,54136056
BBVA;-3,650334066;40,54458644
BBVA;-3,641692316;40,54115734
BBVA;-3,650939414;40,51561947
BBVA;-3,812882021;40,35704475
BBVA;-3,834676334;40,33857401
BBVA;-3,828222925;40,33747624
BBVA;-3,827319252;40,34638371
BBVA;-3,818774002;40,34566974
BBVA;-3,802413688;40,35315385
BBVA;-3,841495129;40,34442557
BBVA;-3,826010469;40,34913184
BBVA;-3,818474785;40,35208634
BBVA;-3,811013591;40,34853526
BBVA;-3,829965569;40,34133767
BBVA;-3,496024721;40,59631508
BBVA;-4,024301988;40,65707868
BBVA;-3,59820863;40,03364607
BBVA;-3,6036094;40,03203237
BBVA;-3,616321938;40,02505503
BBVA;-3,445336617;40,30176327
BBVA;-3,447246858;40,30950388
BBVA;-3,432351332;40,29709166
BBVA;-3,437894625;40,30095381
BBVA;-3,919967093;40,26957475
BBVA;-3,989722706;40,71606181
BBVA;-3,895571644;40,40560527
BBVA;-3,876587469;40,40752554
BBVA;-3,996056061;40,40124275
BBVA;-4,441016174;40,30269048
BBVA;-3,377440529;40,54846685
BBVA;-3,380057927;40,3383125
BBVA;-4,056006875;40,74122052
BBVA;-3,618724488;40,15978933
BBVA;-3,506252045;40,56710909
BBVA;-3,388197255;40,10837409
BBVA;-3,774089895;40,67108984
BBVA;-3,771020156;40,66548899
BBVA;-3,765723718;40,65856957
BBVA;-4,008348696;40,62905828
BBVA;-4,00728832;40,63167102
BBVA;-3,992110325;40,64317127
BBVA;-4,002221039;40,62649912
BBVA;-3,541879791;40,42172292
BBVA;-3,564015869;40,42577024
BBVA;-3,545626243;40,42584047
BBVA;-3,568761343;40,41953974
BBVA;-3,568005971;40,42502998
BBVA;-3,45844727;40,54344414
BBVA;-4,12921794;40,58435605
BBVA;-3,803138309;40,29012078
BBVA;-3,78648915;40,28590172
BBVA;-3,789489028;40,29298055
BBVA;-3,79700068;40,29243354
BBVA;-3,837729984;40,29702877
BBVA;-3,806414136;40,29748553
BBVA;-3,792895261;40,28544357
BBVA;-3,790870255;40,27723201
BBVA;-3,794171764;40,28293926
BBVA;-3,809364773;40,2814826
BBVA;-4,004520989;40,57717481
BBVA;-3,745243003;40,29331005
BBVA;-3,730913327;40,3293932
BBVA;-3,721980352;40,3118814
BBVA;-3,719858487;40,31487666
BBVA;-3,718254495;40,32455349
BBVA;-3,736550823;40,30437497
BBVA;-3,662052544;40,32377167
BBVA;-3,730802499;40,30492495
BBVA;-3,729271731;40,30811486
BBVA;-3,852182641;40,21298414
BBVA;-4,08971881;40,67249695
BBVA;-3,825070989;40,25552419
BBVA;-3,781366692;40,35896469
BBVA;-3,75005109;40,34293758
BBVA;-3,741763012;40,3365675
BBVA;-3,78675844;40,31723386
BBVA;-3,769010565;40,34011033
BBVA;-3,76140455;40,32542168
BBVA;-3,755531416;40,33286572
BBVA;-3,749324559;40,33260879
BBVA;-3,755207498;40,3354895
BBVA;-3,769106404;40,32677615
BBVA;-3,769493053;40,33490885
BBVA;-3,764066256;40,3276384
BBVA;-3,408649366;40,3841079
BBVA;-3,592969215;40,49022898
BBVA;-3,678988099;40,45842245
BBVA;-3,668077209;40,3975399
BBVA;-3,640263603;40,38713859
BBVA;-3,662252985;40,39481663
BBVA;-3,603135931;40,39867166
BBVA;-3,655179289;40,44181212
BBVA;-3,713418313;40,48209783
BBVA;-3,663429355;40,43781911
BBVA;-3,675474281;40,47499253
BBVA;-3,610812927;40,43058654
BBVA;-3,718453293;40,48182339
BBVA;-3,673004028;40,40003387
BBVA;-3,709564957;40,45228386
BBVA;-3,63622984;40,40795384
BBVA;-3,787470052;40,44517582
BBVA;-3,676117337;40,42381764
BBVA;-3,76487352;40,38451662
BBVA;-3,649393827;40,46796185
BBVA;-3,581077449;40,46999215
BBVA;-3,625364939;40,457725
BBVA;-3,653446897;40,42485791
BBVA;-3,651339962;40,42641035
BBVA;-3,674416019;40,40690858
BBVA;-3,678988427;40,40688182
BBVA;-3,703245825;40,50448429
BBVA;-3,695212783;40,50604639
BBVA;-3,715255541;40,47733876
BBVA;-3,703849102;40,47976913
BBVA;-3,72724742;40,38593056
BBVA;-3,657906592;40,38166112
BBVA;-3,616747085;40,46328481
BBVA;-3,759625626;40,36307354
BBVA;-3,697592986;40,45323961
BBVA;-3,675553788;40,46409121
BBVA;-3,713535069;40,44631349
BBVA;-3,794122461;40,4673644
BBVA;-3,622496412;40,39863212
BBVA;-3,711656696;40,43033408
BBVA;-3,689839799;40,41352933
BBVA;-3,675000505;40,42530165
BBVA;-3,699487842;40,41759751
BBVA;-3,670095921;40,42761848
BBVA;-3,664921813;40,43013485
BBVA;-3,655213482;40,43197407
BBVA;-3,643058665;40,435718
BBVA;-3,634176645;40,43906437
BBVA;-3,612933091;40,44595375
BBVA;-3,695283446;40,36754138
BBVA;-3,697371946;40,44554726
BBVA;-3,714249155;40,43467846
BBVA;-3,696621059;40,38534433
BBVA;-3,708759555;40,39467605
BBVA;-3,715192117;40,39680763
BBVA;-3,716581201;40,38889807
BBVA;-3,615960253;40,41973936
BBVA;-3,707907121;40,43252828
BBVA;-3,700690612;40,40855415
BBVA;-3,717633503;40,46355833
BBVA;-3,65103418;40,44970941
BBVA;-3,659387252;40,45854494
BBVA;-3,664700664;40,48188378
BBVA;-3,699555322;40,41273221
BBVA;-3,663205286;40,46780235
BBVA;-3,592059449;40,46189138
BBVA;-3,695431534;40,42431569
BBVA;-3,677659117;40,34715921
BBVA;-3,703399276;40,44909633
BBVA;-3,704072853;40,43566881
BBVA;-3,702643655;40,45580361
BBVA;-3,697876695;40,46128292
BBVA;-3,695821039;40,46438539
BBVA;-3,6767193;40,50381385
BBVA;-3,669180343;40,47675886
BBVA;-3,691939389;40,4573907
BBVA;-3,692136791;40,46398409
BBVA;-3,751170833;40,40457053
BBVA;-3,665705935;40,38649041
BBVA;-3,670061714;40,43486194
BBVA;-3,608976289;40,38510036
BBVA;-3,712512428;40,43880629
BBVA;-3,717906325;40,48696189
BBVA;-3,729720364;40,38254558
BBVA;-3,671850228;40,44160832
BBVA;-3,685500899;40,4319606
BBVA;-3,673793946;40,38470481
BBVA;-3,674975087;40,43101353
BBVA;-3,61895379;40,37207424
BBVA;-3,6838792;40,43480805
BBVA;-3,669422296;40,41199168
BBVA;-3,668308253;40,42566486
BBVA;-3,657336607;40,36543893
BBVA;-3,695913986;40,39562796
BBVA;-3,693298959;40,39226526
BBVA;-3,700166966;40,4023771
BBVA;-3,640559651;40,43080393
BBVA;-3,686218433;40,46774008
BBVA;-3,679208604;40,39243897
BBVA;-3,751271814;40,37442552
BBVA;-3,717511908;40,42662221
BBVA;-3,673999209;40,43482103
BBVA;-3,677369828;40,43703557
BBVA;-3,707288893;40,45678428
BBVA;-3,702901881;40,4296489
BBVA;-3,687422154;40,46316538
BBVA;-3,730404746;40,38918996
BBVA;-3,724064218;40,39342807
BBVA;-3,694442835;40,45654686
BBVA;-3,702568075;40,47684901
BBVA;-3,684947725;40,42508098
BBVA;-3,687487035;40,4255524
BBVA;-3,680536668;40,42486379
BBVA;-3,710719001;40,36922234
BBVA;-3,675249995;40,40309287
BBVA;-3,746337932;40,38525937
BBVA;-3,695178034;40,42717308
BBVA;-3,644304828;40,4032154
BBVA;-3,63684349;40,43678844
BBVA;-3,627287089;40,42217397
BBVA;-3,635747702;40,43436204
BBVA;-3,74565579;40,40352514
BBVA;-3,716915877;40,43266195
BBVA;-3,689187936;40,34959563
BBVA;-3,765456517;40,39646779
BBVA;-3,7548819;40,39180755
BBVA;-3,678702155;40,51084719
BBVA;-3,68724083;40,49281492
BBVA;-3,676507229;40,42978835
BBVA;-3,769259294;40,37857758
BBVA;-3,644840544;40,43958196
BBVA;-3,719296652;40,41045792
BBVA;-3,686560925;40,45851286
BBVA;-3,692708364;40,4174131
BBVA;-3,617820285;40,43880159
BBVA;-3,704887094;40,49666356
BBVA;-3,733550811;40,48034118
BBVA;-3,699793438;40,43116326
BBVA;-3,672661815;40,44495495
BBVA;-3,651053555;40,4700426
BBVA;-3,675436853;40,44299283
BBVA;-3,678244965;40,43377818
BBVA;-3,604307107;40,42948559
BBVA;-3,765258211;40,39352314
BBVA;-3,640574261;40,47332636
BBVA;-3,712275077;40,38500572
BBVA;-3,701757929;40,38649346
BBVA;-3,717536692;40,4300635
BBVA;-3,666546128;40,3940352
BBVA;-3,704650587;40,41646705
BBVA;-3,710835962;40,4755282
BBVA;-3,630656536;40,46486741
BBVA;-3,77670332;40,51983349
BBVA;-3,705701126;40,49213611
BBVA;-3,677001042;40,42142508
BBVA;-3,663930646;40,42045582
BBVA;-3,741048241;40,38850062
BBVA;-3,75387028;40,38456185
BBVA;-3,779778678;40,37854316
BBVA;-3,695495287;40,44995496
BBVA;-3,693815223;40,45973981
BBVA;-3,694250522;40,35985379
BBVA;-3,719254816;40,40431401
BBVA;-3,646747873;40,39004849
BBVA;-3,694282335;40,48448462
BBVA;-3,634717371;40,42634965
BBVA;-3,694910684;40,42181431
BBVA;-3,712043;40,42448485
BBVA;-3,655047392;40,49257846
BBVA;-3,678163154;40,44910299
BBVA;-3,677231979;40,4573697
BBVA;-3,784056422;40,45888364
BBVA;-3,668313965;40,44648468
BBVA;-3,620920767;40,3797575
BBVA;-3,658190904;40,42658777
BBVA;-3,719438712;40,43264628
BBVA;-3,697001219;40,44162158
BBVA;-3,706652785;40,42645486
BBVA;-3,606167119;40,40423244
BBVA;-3,700927267;40,48469676
BBVA;-3,703732593;40,44600421
BBVA;-3,696966652;40,43142358
BBVA;-3,644058274;40,47744212
BBVA;-3,669018461;40,50441724
BBVA;-3,690552972;40,36682196
BBVA;-3,636536376;40,46547482
BBVA;-3,712026266;40,4050074
BBVA;-3,70826696;40,41176025
BBVA;-3,657074394;40,4487383
BBVA;-3,631021468;40,40299135
BBVA;-3,704785492;40,39776343
BBVA;-3,718904393;40,46770357
BBVA;-3,642538116;40,47019836
BBVA;-3,759196063;40,38671621
BBVA;-3,684175189;40,42795043
BBVA;-3,689408529;40,48670297
BBVA;-3,647829357;40,4340337
BBVA;-3,651043879;40,43849313
BBVA;-3,742728583;40,39130968
BBVA;-3,732681543;40,37422948
BBVA;-3,671187633;40,45560315
BBVA;-3,625435614;40,4284543
BBVA;-3,692838124;40,43695291
BBVA;-3,692277596;40,42943373
BBVA;-3,659287024;40,39878856
BBVA;-3,712218945;40,41098822
BBVA;-3,649582692;40,46307792
BBVA;-3,708301111;40,55307428
BBVA;-3,688598841;40,3541938
BBVA;-3,702947593;40,40459448
BBVA;-3,709158956;40,34624062
BBVA;-3,690968512;40,45472084
BBVA;-3,690627803;40,4456328
BBVA;-3,690207293;40,44948215
BBVA;-3,689605696;40,45523348
BBVA;-3,690313881;40,46220221
BBVA;-3,688829737;40,47048129
BBVA;-3,686950652;40,47245643
BBVA;-3,691931647;40,44513852
BBVA;-3,693602848;40,40580407
BBVA;-3,693458564;40,40322835
BBVA;-3,707544874;40,40133219
BBVA;-3,738523823;40,40978715
BBVA;-3,728874231;40,41333489
BBVA;-3,721968261;40,4222341
BBVA;-3,698301905;40,43513625
BBVA;-3,693654644;40,43494801
BBVA;-3,68983723;40,44788977
BBVA;-3,791759334;40,37956085
BBVA;-3,74203725;40,40561149
BBVA;-3,69403337;40,41329703
BBVA;-3,713855235;40,44202323
BBVA;-3,696690409;40,40350622
BBVA;-3,670957594;40,40637014
BBVA;-3,657718303;40,40711288
BBVA;-3,653023978;40,40794129
BBVA;-3,697089236;40,41589127
BBVA;-3,651253951;40,40526657
BBVA;-3,707531709;40,38318798
BBVA;-3,612182664;40,37098414
BBVA;-3,588431836;40,45572973
BBVA;-3,691325757;40,34215933
BBVA;-3,686478073;40,45153138
BBVA;-3,709532754;40,41557233
BBVA;-3,696826129;40,42694694
BBVA;-3,705412197;40,41490384
BBVA;-3,703690723;40,41258099
BBVA;-3,663809881;40,51600571
BBVA;-3,868501767;40,47249604
BBVA;-3,87157308;40,47099546
BBVA;-3,861541843;40,45865638
BBVA;-3,327846354;40,55502356
BBVA;-3,484440236;40,39746408
BBVA;-3,768201607;40,8114279
BBVA;-3,58211826;40,73325982
BBVA;-3,972789642;40,6776403
BBVA;-3,436710346;40,22845107
BBVA;-3,850896358;40,31954567
BBVA;-3,856544148;40,31474716
BBVA;-3,860963555;40,32633613
BBVA;-3,864971889;40,32220708
BBVA;-3,86071493;40,32807675
BBVA;-3,866526624;40,32597026
BBVA;-3,856852545;40,32517745
BBVA;-3,852273495;40,32422929
BBVA;-3,864322134;40,33124809
BBVA;-3,865354133;40,31711406
BBVA;-3,882428358;40,32589509
BBVA;-3,877133327;40,31240365
BBVA;-3,858251193;40,32036522
BBVA;-3,924406583;40,31142293
BBVA;-3,866468108;40,33796184
BBVA;-4,013516917;40,28775736
BBVA;-4,011914983;40,29235702
BBVA;-3,752910114;40,23036673
BBVA;-3,768467432;40,23402136
BBVA;-3,765862031;40,23961539
BBVA;-3,76979584;40,24025598
BBVA;-3,774197411;40,24376727
BBVA;-3,698768591;40,2395174
BBVA;-3,699890483;40,2525651
BBVA;-3,698903849;40,24238154
BBVA;-3,794909376;40,43705286
BBVA;-3,803892821;40,43400877
BBVA;-3,796915559;40,41023727
BBVA;-3,814515139;40,43495243
BBVA;-4,053467193;40,43065249
BBVA;-3,525245092;40,3486635
BBVA;-3,549078161;40,36465221
BBVA;-3,894526938;40,52061202
BBVA;-3,894121036;40,50516503
BBVA;-3,873926689;40,4923918
BBVA;-3,877534711;40,49036449
BBVA;-3,614662107;40,67920153
BBVA;-3,532155131;40,42924563
BBVA;-3,537105981;40,42620469
BBVA;-4,148036646;40,59170173
BBVA;-3,572995822;40,20822516
BBVA;-4,39965807;40,36144949
BBVA;-3,632651605;40,54919806
BBVA;-3,620688764;40,56080329
BBVA;-3,628097256;40,54461037
BBVA;-3,624436498;40,54844096
BBVA;-4,027040293;40,34563849
BBVA;-3,456173532;40,45539038
BBVA;-3,479458782;40,45765652
BBVA;-3,458638702;40,4606329
BBVA;-3,466454999;40,44988086
BBVA;-3,478696659;40,45829031
BBVA;-3,473232194;40,46112363
BBVA;-3,79900364;40,20068732
BBVA;-3,929205791;40,57668814
BBVA;-3,362406619;40,40592007
BBVA;-4,068005163;40,50150863
BBVA;-3,68481137;40,18087778
BBVA;-3,689448137;40,18639104
BBVA;-3,687813984;40,19556332
BBVA;-3,678116573;40,19153927
BBVA;-3,487261272;40,36705534
BBVA;-3,301467921;40,43287915
BBVA;-4,003727679;40,43932019
BBVA;-4,003946882;40,44533622
BBVA;-3,961501655;40,48954325
BBVA;-3,275340924;40,16897137
BBVA;-3,903461001;40,35838165
BBVA;-3,704045876;40,59558578
BBVA;-3,713321236;40,59984407
BBVA;-3,713488125;40,60886981
BBVA;-3,728331939;40,30936405
BBVA;-3,727838928;40,31167351
BBVA;-3,800301609;40,28302316
BBVA;-3,632849404;40,43332388
BBVA;-3,632741443;40,43312627
BBVA;-3,674301034;40,51335941
BBVA;-3,687008748;40,39939295
BBVA;-3,683601237;40,39803476
BBVA;-3,58328172;40,44389094
BBVA;-3,672747729;40,41690033
BBVA;-3,871580726;40,31623847
BBVA;-3,513949047;40,50305779
BBVA;-3,801891388;40,44714874
BBVA;-3,7897524;40,41247561
BBVA;-3,83703267;40,33108842
BBVA;-3,795280097;40,28315688
Sabadell;-3,478903606;40,53388379
Sabadell;-3,395124094;40,48275941
Sabadell;-3,35862696;40,48642797
Sabadell;-3,361150797;40,48620389
Sabadell;-3,643208257;40,53544629
Sabadell;-3,811574326;40,34619797
Sabadell;-3,82786194;40,34646992
Sabadell;-3,496167671;40,59646762
Sabadell;-3,602668172;40,03295625
Sabadell;-3,442107362;40,30098284
Sabadell;-3,47662065;40,30949471
Sabadell;-3,877946192;40,40869541
Sabadell;-3,996031434;40,40117089
Sabadell;-3,618752026;40,15894229
Sabadell;-3,76711632;40,65931705
Sabadell;-4,008399712;40,62773357
Sabadell;-3,56250412;40,43109295
Sabadell;-3,540837746;40,42849362
Sabadell;-4,209942927;40,38120255
Sabadell;-3,807552392;40,28833325
Sabadell;-3,763577114;40,27062238
Sabadell;-3,721427466;40,3251734
Sabadell;-3,729649148;40,32677952
Sabadell;-3,700362032;40,30056359
Sabadell;-3,732758286;40,30405671
Sabadell;-3,8589916;40,20405964
Sabadell;-3,82594297;40,25470714
Sabadell;-3,763554743;40,32716429
Sabadell;-3,724098299;40,35039136
Sabadell;-3,686087992;40,45839855
Sabadell;-3,663686095;40,39556517
Sabadell;-3,619629253;40,45603517
Sabadell;-3,655184958;40,44118145
Sabadell;-3,636150985;40,47213458
Sabadell;-3,679330934;40,40343834
Sabadell;-3,694254956;40,45204349
Sabadell;-3,59589293;40,40314169
Sabadell;-3,674817144;40,40695128
Sabadell;-3,70489114;40,47900603
Sabadell;-3,773040105;40,46193079
Sabadell;-3,676145141;40,46424991
Sabadell;-3,71264121;40,44653522
Sabadell;-3,717257792;40,48811005
Sabadell;-3,672233147;40,43151599
Sabadell;-3,677007091;40,42438001
Sabadell;-3,641321497;40,43653846
Sabadell;-3,637740413;40,43812585
Sabadell;-3,693311055;40,43019331
Sabadell;-3,697458699;40,44367287
Sabadell;-3,713601726;40,44146624
Sabadell;-3,71095009;40,39568964
Sabadell;-3,707424434;40,43259429
Sabadell;-3,706508175;40,4171404
Sabadell;-3,641846504;40,46941842
Sabadell;-3,668481829;40,47769983
Sabadell;-3,703428401;40,44962768
Sabadell;-3,668532488;40,44354648
Sabadell;-3,675218748;40,42826435
Sabadell;-3,679738392;40,4345622
Sabadell;-3,668363358;40,42527715
Sabadell;-3,705864918;40,41198215
Sabadell;-3,699429103;40,40167886
Sabadell;-3,686485265;40,46845922
Sabadell;-3,711106837;40,48219315
Sabadell;-3,69691509;40,44698245
Sabadell;-3,694037232;40,45609885
Sabadell;-3,707491749;40,42101728
Sabadell;-3,698056926;40,41942598
Sabadell;-3,678157158;40,42621111
Sabadell;-3,675391029;40,41838043
Sabadell;-3,675863871;40,43264798
Sabadell;-3,620668003;40,43690345
Sabadell;-3,705117194;40,33350836
Sabadell;-3,711059916;40,42292333
Sabadell;-3,701942093;40,45751958
Sabadell;-3,681264347;40,4397334
Sabadell;-3,708970758;40,38560261
Sabadell;-3,691475656;40,43631241
Sabadell;-3,682766671;40,42389568
Sabadell;-3,675671714;40,42169411
Sabadell;-3,695436977;40,45001838
Sabadell;-3,688001729;40,45638718
Sabadell;-3,588894735;40,44525888
Sabadell;-3,699322954;40,4369589
Sabadell;-3,678954705;40,44221546
Sabadell;-3,677923828;40,45110439
Sabadell;-3,739220187;40,38833214
Sabadell;-3,699305047;40,44205811
Sabadell;-3,698680905;40,42846728
Sabadell;-3,704648478;40,43207972
Sabadell;-3,629668103;40,37789036
Sabadell;-3,619407739;40,43447777
Sabadell;-3,696919568;40,43028873
Sabadell;-3,688731106;40,42154498
Sabadell;-3,686929319;40,43330348
Sabadell;-3,686947158;40,43389797
Sabadell;-3,693713089;40,45898367
Sabadell;-3,683742146;40,42709714
Sabadell;-3,698069924;40,41954302
Sabadell;-3,642571797;40,37463015
Sabadell;-3,712218451;40,40199719
Sabadell;-3,691135365;40,4594946
Sabadell;-3,694490373;40,39813203
Sabadell;-3,732807338;40,41192263
Sabadell;-3,687149824;40,4503292
Sabadell;-3,67082227;40,50540677
Sabadell;-3,688626062;40,49441928
Sabadell;-3,678032249;40,4548515
Sabadell;-3,872310984;40,4733232
Sabadell;-3,850200356;40,26215327
Sabadell;-3,882174126;40,35066305
Sabadell;-3,867319849;40,32356789
Sabadell;-4,014657775;40,28773835
Sabadell;-3,530095938;40,50475962
Sabadell;-3,753892078;40,24047779
Sabadell;-3,699887132;40,24424954
Sabadell;-3,793314791;40,43781156
Sabadell;-3,813092241;40,43525974
Sabadell;-3,542115435;40,34970279
Sabadell;-3,893174825;40,50590206
Sabadell;-3,873362209;40,49254021
Sabadell;-3,532958119;40,4294131
Sabadell;-3,628505005;40,54401357
Sabadell;-3,618922743;40,56143437
Sabadell;-3,624223426;40,54838806
Sabadell;-3,47228472;40,45719956
Sabadell;-3,479360974;40,45717043
Sabadell;-3,928745892;40,57504325
Sabadell;-3,675648766;40,19146361
Sabadell;-3,904119807;40,35744857
Sabadell;-3,713393315;40,60773529
Sabadell;-3,841731012;40,3463518
Sabadell;-4,004437361;40,63158775
Sabadell;-3,561999937;40,42717646
Sabadell;-3,802328886;40,28236045
Sabadell;-3,787137913;40,3164655
Sabadell;-3,742002924;40,33589929
Sabadell;-3,68944711;40,4350993
Sabadell;-3,669080578;40,41675945
Sabadell;-3,727444423;40,39110053
Sabadell;-3,734556373;40,38958709
Sabadell;-3,696641092;40,4604165
Sabadell;-3,674162823;40,45827953
Sabadell;-3,659908463;40,4587762
Sabadell;-3,712735526;40,47889486
Sabadell;-3,641553293;40,44107773
Sabadell;-3,779237658;40,37861888
Sabadell;-3,666298776;40,44661343
Sabadell;-3,656205508;40,43214862
Sabadell;-3,861426214;40,45883743
Sabadell;-3,860008703;40,32715406
Sabadell;-3,69987584;40,24429465
Sabadell;-3,807373665;40,4322728
Sabadell;-3,802868882;40,44704286
Sabadell;-3,804166456;40,42134923
Sabadell;-3,704159323;40,59626075
Sabadell;-3,662676362;40,43918379
Sabadell;-3,682370354;40,42200613
Sabadell;-3,702705671;40,42892037
Sabadell;-3,685144873;40,43521497
Sabadell;-3,693650825;40,46095701
Sabadell;-3,65560122;40,49371045
Sabadell;-3,698409368;40,45121667
Sabadell;-3,68383264;40,43137589
Sabadell;-3,708447809;40,4031555
Sabadell;-3,698239883;40,43483932
Sabadell;-3,690280337;40,44740064
Sabadell;-3,645563399;40,52124416
Sabadell;-3,683238885;40,45890191
Sabadell;-3,71860561;40,4296965
Sabadell;-3,717409399;40,43139763
Sabadell;-3,682627615;40,42879742
Sabadell;-3,67564538;40,42848708
Sabadell;-3,642837503;40,5448356
Sabadell;-3,633577826;40,54095888
Sabadell;-3,727227999;40,30847909
Sabadell;-3,484449953;40,39717575
Sabadell;-3,874462953;40,31796449
Sabadell;-3,847407132;40,315355
Popular;-3,479446737;40,53388153
Popular;-3,39618012;40,4817648
Popular;-3,350169845;40,48699444
Popular;-3,363734371;40,48393453
Popular;-3,365334434;40,487443
Popular;-3,370485282;40,47785902
Popular;-3,633579531;40,53111217
Popular;-3,652312254;40,53425113
Popular;-3,652105606;40,53972969
Popular;-3,65911709;40,52498741
Popular;-3,651081232;40,51563669
Popular;-3,633816111;40,5411828
Popular;-3,810515866;40,34728648
Popular;-3,828164748;40,34619748
Popular;-3,841942164;40,34534124
Popular;-3,808027508;40,34498855
Popular;-3,815838748;40,34050123
Popular;-3,582765455;40,62952175
Popular;-3,501417758;40,59682331
Popular;-4,023789601;40,6591552
Popular;-3,604780202;40,03189112
Popular;-3,441754188;40,30095716
Popular;-3,459308125;40,3058349
Popular;-3,919265081;40,26897671
Popular;-3,878432159;40,40890793
Popular;-3,996717035;40,40291272
Popular;-3,636403947;40,99345036
Popular;-3,613150349;40,86512739
Popular;-3,378102694;40,54860883
Popular;-3,38136825;40,33892982
Popular;-3,619196738;40,15877774
Popular;-3,503660956;40,56815644
Popular;-3,767387449;40,65923417
Popular;-4,019900878;40,6267317
Popular;-4,007547879;40,62927247
Popular;-3,560998938;40,42872187
Popular;-3,571769357;40,41840778
Popular;-3,567475588;40,42504159
Popular;-3,540834401;40,4295477
Popular;-3,423240606;40,13973076
Popular;-3,458727549;40,54298357
Popular;-3,762914855;40,27134749
Popular;-3,746815248;40,26619111
Popular;-3,778119633;40,28031854
Popular;-3,794798829;40,2842503
Popular;-3,80177792;40,27754434
Popular;-3,793992794;40,28272427
Popular;-3,809108842;40,28468266
Popular;-3,795224903;40,2804545
Popular;-3,513129212;40,633807
Popular;-4,003474443;40,57750822
Popular;-3,705947508;40,30246662
Popular;-3,728273043;40,31045454
Popular;-3,728613218;40,3048757
Popular;-3,854022717;40,21352915
Popular;-4,09035944;40,67332869
Popular;-3,812373962;40,2744163
Popular;-3,828922274;40,25217225
Popular;-3,742408801;40,3364102
Popular;-3,77055774;40,33536123
Popular;-3,765164069;40,32791043
Popular;-3,408694694;40,38381043
Popular;-3,793650967;40,95097438
Popular;-3,686479196;40,45859442
Popular;-3,66408874;40,39577007
Popular;-3,654879801;40,44132733
Popular;-3,662678308;40,43938198
Popular;-3,679477052;40,40390595
Popular;-3,694503245;40,45210507
Popular;-3,579664488;40,47166591
Popular;-3,645487622;40,46901076
Popular;-3,6729757;40,40665571
Popular;-3,648641437;40,40688487
Popular;-3,616865031;40,46328418
Popular;-3,711451776;40,3806594
Popular;-3,666696397;40,38537659
Popular;-3,685123892;40,47030512
Popular;-3,714300573;40,43062408
Popular;-3,698336597;40,41797384
Popular;-3,654133609;40,43246667
Popular;-3,642714963;40,43553072
Popular;-3,714582178;40,39707267
Popular;-3,618814903;40,41867906
Popular;-3,655438413;40,45513497
Popular;-3,667964091;40,47902714
Popular;-3,704032137;40,39784009
Popular;-3,677721663;40,45797944
Popular;-3,698003818;40,4610299
Popular;-3,704510229;40,43464813
Popular;-3,692732354;40,45421479
Popular;-3,594586619;40,45153606
Popular;-3,714682939;40,438901
Popular;-3,675293607;40,42749815
Popular;-3,68298284;40,43477731
Popular;-3,67840574;40,43452498
Popular;-3,668207849;40,42743121
Popular;-3,706857569;40,34685832
Popular;-3,702022257;40,4040055
Popular;-3,640929209;40,43123432
Popular;-3,625409865;40,43331031
Popular;-3,670857846;40,43429876
Popular;-3,704093955;40,48513697
Popular;-3,709005802;40,43386389
Popular;-3,674588913;40,41714186
Popular;-3,693009971;40,46057347
Popular;-3,673460146;40,43396831
Popular;-3,708086669;40,45638301
Popular;-3,70314322;40,43131411
Popular;-3,701041839;40,42536289
Popular;-3,697270977;40,44718751
Popular;-3,730650499;40,38903526
Popular;-3,710150117;40,42272171
Popular;-3,693341912;40,42631023
Popular;-3,636666875;40,43556419
Popular;-3,670163589;40,41780724
Popular;-3,677854535;40,51106838
Popular;-3,717304424;40,48140711
Popular;-3,729483962;40,3835651
Popular;-3,699077202;40,43827571
Popular;-3,682963034;40,43048914
Popular;-3,69798738;40,43208409
Popular;-3,714820261;40,42626051
Popular;-3,660323862;40,45783689
Popular;-3,649699584;40,4715367
Popular;-3,675885717;40,44307128
Popular;-3,688257611;40,45141269
Popular;-3,709841305;40,38548015
Popular;-3,685620981;40,48438317
Popular;-3,705486369;40,41636286
Popular;-3,703640165;40,47670736
Popular;-3,690996968;40,43562158
Popular;-3,687132943;40,49380655
Popular;-3,679150912;40,42187193
Popular;-3,740035848;40,38857917
Popular;-3,695365668;40,45110889
Popular;-3,688886769;40,45643596
Popular;-3,717063775;40,43215653
Popular;-3,717746316;40,42760274
Popular;-3,691321752;40,41322318
Popular;-3,680428181;40,44217076
Popular;-3,699599745;40,43636263
Popular;-3,699296822;40,41167071
Popular;-3,668729887;40,44561741
Popular;-3,640500453;40,47673216
Popular;-3,686671947;40,43581852
Popular;-3,767461403;40,39558062
Popular;-3,623700902;40,37847225
Popular;-3,612084101;40,44595825
Popular;-3,700354625;40,43070941
Popular;-3,6353292;40,44501301
Popular;-3,683867362;40,42549279
Popular;-3,683613915;40,4284042
Popular;-3,606333125;40,38069978
Popular;-3,671221757;40,45547683
Popular;-3,747349705;40,37127073
Popular;-3,670525607;40,40796725
Popular;-3,639268773;40,46503632
Popular;-3,65784426;40,36556218
Popular;-3,704418147;40,44728832
Popular;-3,705432164;40,42922809
Popular;-3,689173272;40,46023605
Popular;-3,694704551;40,39604064
Popular;-3,714603056;40,40350501
Popular;-3,734039801;40,41145535
Popular;-3,694139134;40,36047609
Popular;-3,680113732;40,46361402
Popular;-3,692472967;40,42204516
Popular;-3,713258675;40,44247736
Popular;-3,694686265;40,4057255
Popular;-3,678447338;40,44921844
Popular;-3,716981902;40,43887776
Popular;-3,70945901;40,41528449
Popular;-3,871442833;40,4718703
Popular;-3,870728232;40,46677665
Popular;-3,864706214;40,72678624
Popular;-3,490502951;40,39665473
Popular;-3,582475233;40,73209591
Popular;-3,86123145;40,2603149
Popular;-3,972567239;40,67943487
Popular;-3,436432066;40,22904674
Popular;-3,863644884;40,32337016
Popular;-3,881355776;40,32578615
Popular;-3,871183385;40,31645768
Popular;-3,851015301;40,31776999
Popular;-3,86605482;40,33786583
Popular;-4,014611128;40,28776579
Popular;-3,530705736;40,50426133
Popular;-3,752417311;40,23575751
Popular;-3,765580514;40,23967131
Popular;-3,771574051;40,23637915
Popular;-3,769609927;40,24356362
Popular;-3,352182321;40,23477545
Popular;-3,700023504;40,24493342
Popular;-3,696794123;40,24874583
Popular;-3,698707604;40,24158991
Popular;-3,797238909;40,43663141
Popular;-3,812741929;40,43554148
Popular;-3,878982767;40,9043325
Popular;-3,549834482;40,36496394
Popular;-3,544362403;40,35236797
Popular;-3,897172488;40,53575333
Popular;-3,874057303;40,49336377
Popular;-3,888610595;40,50257695
Popular;-3,876213026;40,49307718
Popular;-3,614398731;40,67886961
Popular;-3,510612649;40,4521447
Popular;-3,532842323;40,42519739
Popular;-4,148374669;40,59142811
Popular;-3,570676815;40,20913755
Popular;-4,399960245;40,3618242
Popular;-3,617469065;40,55235222
Popular;-3,618031145;40,56081754
Popular;-3,624714819;40,54788992
Popular;-3,455481603;40,45422194
Popular;-3,479225546;40,45636919
Popular;-3,469351505;40,4610944
Popular;-3,48415161;40,44597925
Popular;-3,799913455;40,20012246
Popular;-3,955132863;40,57954864
Popular;-3,361939273;40,40667831
Popular;-4,068723811;40,50142992
Popular;-3,684809921;40,18073364
Popular;-3,676954227;40,19160914
Popular;-3,48721416;40,36705554
Popular;-4,005203267;40,4473523
Popular;-3,275682776;40,16928589
Popular;-3,901250232;40,35774124
Popular;-3,700619849;40,59684082
Popular;-3,712921544;40,61117054
Popular;-3,800957117;40,28773044
Popular;-3,360128954;40,48708096
Popular;-3,832591596;40,34329179
Popular;-3,96450354;40,48822997
Popular;-3,7648981;40,38460655
Popular;-3,608643111;40,40436358
Popular;-3,783798748;40,45903854
Popular;-3,681193213;40,43502211
Popular;-3,828176522;40,3461974
Popular;-3,878432159;40,40890793
Popular;-3,659128807;40,52497834
Popular;-3,870392951;40,47369801
Popular;-3,71160374;40,43873081
Bankia;-3,479625193;40,53406998
Bankia;-3,989139193;40,23110244
Bankia;-3,357620741;40,48580947
Bankia;-3,351257763;40,4874506
Bankia;-3,374637917;40,49692672
Bankia;-3,373528645;40,47777716
Bankia;-3,377005692;40,47508118
Bankia;-3,366230586;40,48733205
Bankia;-3,363764604;40,46986233
Bankia;-3,362525589;40,48733473
Bankia;-3,371398734;40,50659482
Bankia;-3,363921251;40,48358259
Bankia;-3,358230135;40,48946524
Bankia;-3,369207842;40,47725951
Bankia;-3,377518144;40,49074619
Bankia;-3,363781964;40,47963708
Bankia;-3,372830623;40,47315778
Bankia;-3,348025682;40,48535227
Bankia;-3,361165107;40,48667232
Bankia;-3,354807029;40,48252084
Bankia;-3,364225392;40,49837442
Bankia;-3,63344983;40,5311309
Bankia;-3,63997462;40,54803162
Bankia;-3,638432403;40,54357176
Bankia;-3,64157723;40,54518494
Bankia;-3,639223812;40,55104474
Bankia;-3,642290385;40,55308175
Bankia;-3,633426442;40,54118493
Bankia;-3,629805979;40,54296146
Bankia;-3,637194381;40,54003811
Bankia;-3,636845653;40,54186883
Bankia;-3,652272093;40,54471966
Bankia;-3,63869074;40,53844428
Bankia;-3,64349724;40,54343555
Bankia;-3,653006347;40,54979651
Bankia;-3,651575764;40,51550778
Bankia;-3,82365325;40,3421756
Bankia;-3,816161545;40,35360721
Bankia;-3,82895169;40,33738093
Bankia;-3,803745677;40,34929771
Bankia;-3,81229994;40,35662542
Bankia;-3,832537694;40,34752646
Bankia;-3,828174367;40,34890915
Bankia;-3,827451954;40,34664403
Bankia;-3,827539311;40,34512086
Bankia;-3,810221257;40,34923451
Bankia;-3,841080804;40,34519436
Bankia;-3,836380788;40,34026442
Bankia;-3,825804266;40,34863781
Bankia;-3,819310347;40,35204439
Bankia;-3,817648908;40,34415516
Bankia;-3,824372955;40,35003542
Bankia;-3,82911388;40,34197442
Bankia;-3,498603081;40,59657424
Bankia;-3,502599039;40,59674611
Bankia;-4,026027712;40,66008123
Bankia;-3,598988987;40,02772269
Bankia;-3,597532079;40,03401896
Bankia;-3,606750157;40,0293491
Bankia;-3,603400218;40,0335651
Bankia;-3,44799044;40,30270801
Bankia;-3,442531842;40,30111635
Bankia;-3,474259154;40,31342344
Bankia;-3,435972556;40,30032141
Bankia;-3,438083182;40,30099815
Bankia;-3,989757384;40,71520571
Bankia;-3,895987299;40,4058453
Bankia;-3,899865322;40,44040059
Bankia;-3,880357937;40,40927166
Bankia;-3,877056909;40,40555802
Bankia;-3,997545055;40,40551817
Bankia;-3,636822124;40,99366425
Bankia;-3,711765254;40,858066
Bankia;-4,441280503;40,30184035
Bankia;-3,377712056;40,54844794
Bankia;-3,381424631;40,33848818
Bankia;-4,468245604;40,26524953
Bankia;-4,055733651;40,74116897
Bankia;-3,618408982;40,15866483
Bankia;-3,503697341;40,5682824
Bankia;-3,387926209;40,10816778
Bankia;-4,016813864;40,55879762
Bankia;-3,766722675;40,65903139
Bankia;-3,772985939;40,66462904
Bankia;-3,768414294;40,66315511
Bankia;-3,776745479;40,66746855
Bankia;-4,025962236;40,69285483
Bankia;-4,018678501;40,62721094
Bankia;-4,009707257;40,62112784
Bankia;-4,007501672;40,62934494
Bankia;-4,004471132;40,6322631
Bankia;-4,004317702;40,62833668
Bankia;-3,99107375;40,64425219
Bankia;-3,539237955;40,42007761
Bankia;-3,566758639;40,42529736
Bankia;-3,564241783;40,42176911
Bankia;-3,543863647;40,42801095
Bankia;-3,553138019;40,42613811
Bankia;-3,547620682;40,42320039
Bankia;-3,571015383;40,41845655
Bankia;-3,563585106;40,42500657
Bankia;-3,839643057;40,19102096
Bankia;-4,208951205;40,37910484
Bankia;-3,421694875;40,14034905
Bankia;-3,458443462;40,5428856
Bankia;-4,130584272;40,58339678
Bankia;-3,106214379;40,18435
Bankia;-3,797095203;40,29346894
Bankia;-3,804265936;40,28996879
Bankia;-3,788297364;40,29269137
Bankia;-3,804586403;40,28524574
Bankia;-3,804158168;40,28286128
Bankia;-3,83246865;40,30262541
Bankia;-3,80531099;40,29574543
Bankia;-3,799531078;40,28751507
Bankia;-3,786776128;40,28528714
Bankia;-3,801750247;40,27719317
Bankia;-3,789273536;40,27951324
Bankia;-3,832843338;40,29576673
Bankia;-3,809743877;40,3004353
Bankia;-3,783491018;40,29420153
Bankia;-3,791712057;40,28990223
Bankia;-3,794042164;40,28292214
Bankia;-3,80946903;40,28331975
Bankia;-3,791420571;40,28710236
Bankia;-3,513755921;40,63380421
Bankia;-4,003998911;40,5770262
Bankia;-3,718885981;40,31084659
Bankia;-3,736429523;40,3267906
Bankia;-3,721584653;40,31229829
Bankia;-3,716376625;40,3172767
Bankia;-3,750574383;40,28920342
Bankia;-3,746920105;40,29602903
Bankia;-3,725549985;40,31112932
Bankia;-3,722107872;40,32606106
Bankia;-3,738246397;40,30879669
Bankia;-3,736799095;40,3044815
Bankia;-3,662052544;40,32377167
Bankia;-3,727919659;40,31151985
Bankia;-3,729290087;40,30872737
Bankia;-3,729498352;40,31277119
Bankia;-3,732267788;40,30440216
Bankia;-3,731824459;40,30148598
Bankia;-3,723927673;40,31790539
Bankia;-3,852504192;40,21332412
Bankia;-3,692885208;40,78484339
Bankia;-4,090721534;40,67376669
Bankia;-3,907161902;40,62147441
Bankia;-3,829073579;40,25204504
Bankia;-3,76168828;40,32867212
Bankia;-3,770972549;40,33146651
Bankia;-3,761469217;40,33222317
Bankia;-3,735566455;40,33945397
Bankia;-3,768993912;40,33656985
Bankia;-3,7491672;40,34286222
Bankia;-3,740476007;40,33622439
Bankia;-3,751685467;40,33425116
Bankia;-3,745496241;40,33560655
Bankia;-3,786399673;40,31775883
Bankia;-3,754058598;40,32957798
Bankia;-3,780726291;40,32283338
Bankia;-3,75553011;40,33274861
Bankia;-3,749108091;40,33219577
Bankia;-3,76210902;40,32630895
Bankia;-3,766528897;40,3288924
Bankia;-3,754157416;40,33739728
Bankia;-3,749635286;40,33515637
Bankia;-3,770320186;40,32689421
Bankia;-3,769489881;40,33462959
Bankia;-3,780833137;40,35865298
Bankia;-3,792053888;40,95155288
Bankia;-3,593229614;40,49166007
Bankia;-3,7271791;40,38176879
Bankia;-3,730697056;40,37917001
Bankia;-3,659445946;40,39333716
Bankia;-3,645067738;40,38931012
Bankia;-3,66396702;40,39537437
Bankia;-3,677508146;40,46020591
Bankia;-3,673909011;40,43877652
Bankia;-3,653819074;40,44259459
Bankia;-3,639834689;40,47370884
Bankia;-3,713002113;40,47955987
Bankia;-3,663165498;40,44096478
Bankia;-3,753105313;40,37088203
Bankia;-3,71976846;40,48123864
Bankia;-3,670508978;40,39916548
Bankia;-3,680455217;40,40390921
Bankia;-3,676385188;40,40230245
Bankia;-3,655202014;40,42957773
Bankia;-3,709492774;40,44990593
Bankia;-3,631788302;40,40812234
Bankia;-3,703238233;40,47436748
Bankia;-3,601566921;40,36403974
Bankia;-3,667932456;40,38050454
Bankia;-3,673704761;40,42421912
Bankia;-3,579664488;40,47166591
Bankia;-3,649066421;40,46826099
Bankia;-3,621652026;40,41828546
Bankia;-3,615236285;40,43084237
Bankia;-3,696541619;40,35932649
Bankia;-3,590962179;40,46185195
Bankia;-3,626258238;40,45866611
Bankia;-3,723619523;40,40471921
Bankia;-3,655654137;40,42271928
Bankia;-3,650754554;40,42682806
Bankia;-3,676071717;40,4074845
Bankia;-3,679981819;40,42244362
Bankia;-3,667694103;40,3969295
Bankia;-3,669919712;40,39321389
Bankia;-3,647068682;40,40756036
Bankia;-3,641704355;40,40983351
Bankia;-3,747300091;40,38383873
Bankia;-3,728655545;40,38649827
Bankia;-3,689102504;40,35739806
Bankia;-3,784473486;40,45925017
Bankia;-3,656917405;40,38170278
Bankia;-3,642510434;40,39172978
Bankia;-3,64742977;40,38497254
Bankia;-3,654236165;40,38706939
Bankia;-3,758767703;40,36218727
Bankia;-3,663394667;40,40308943
Bankia;-3,67506423;40,467031
Bankia;-3,640776;40,38650512
Bankia;-3,711086625;40,38290491
Bankia;-3,662279279;40,45398787
Bankia;-3,66913;40,45266914
Bankia;-3,706175927;40,34585346
Bankia;-3,71431139;40,44612852
Bankia;-3,668644488;40,38698698
Bankia;-3,649009523;40,4733784
Bankia;-3,606181606;40,42554783
Bankia;-3,621924102;40,39790546
Bankia;-3,74685184;40,37098565
Bankia;-3,68562169;40,4705364
Bankia;-3,582667584;40,47108324
Bankia;-3,71754452;40,46295528
Bankia;-3,702254546;40,41728344
Bankia;-3,672677025;40,42636925
Bankia;-3,656559003;40,43212859
Bankia;-3,651245633;40,43251901
Bankia;-3,645003525;40,43442788
Bankia;-3,640816673;40,43676649
Bankia;-3,69601996;40,41850132
Bankia;-3,634588288;40,438954
Bankia;-3,614813003;40,44520502
Bankia;-3,613253509;40,44617727
Bankia;-3,756669718;40,36836325
Bankia;-3,701565624;40,48708025
Bankia;-3,692102774;40,43193028
Bankia;-3,700171541;40,38575533
Bankia;-3,638876929;40,39001116
Bankia;-3,708127635;40,39396821
Bankia;-3,703644881;40,38101348
Bankia;-3,715310477;40,39574383
Bankia;-3,716581201;40,38889807
Bankia;-3,615216363;40,41959918
Bankia;-3,616440419;40,42198006
Bankia;-3,653015763;40,40831071
Bankia;-3,702033129;40,46966312
Bankia;-3,669094018;40,47757017
Bankia;-3,664769873;40,48291941
Bankia;-3,698438635;40,4118831
Bankia;-3,670337033;40,42696843
Bankia;-3,662019895;40,46841275
Bankia;-3,588920862;40,45500651
Bankia;-3,700431201;40,42672696
Bankia;-3,695841123;40,42173664
Bankia;-3,72260152;40,38666239
Bankia;-3,649830541;40,47043687
Bankia;-3,71145064;40,43315517
Bankia;-3,711365107;40,43734489
Bankia;-3,693946969;40,35666638
Bankia;-3,609797128;40,4473397
Bankia;-3,703247712;40,45039454
Bankia;-3,702629015;40,4543983
Bankia;-3,704074826;40,43585799
Bankia;-3,701501335;40,45709883
Bankia;-3,697725796;40,46151806
Bankia;-3,696545043;40,46367833
Bankia;-3,695006031;40,43909305
Bankia;-3,610089352;40,40791455
Bankia;-3,729350783;40,3832326
Bankia;-3,724919086;40,39073801
Bankia;-3,660177099;40,41028807
Bankia;-3,653912867;40,41089124
Bankia;-3,669325815;40,37845141
Bankia;-3,612501547;40,43998305
Bankia;-3,69242731;40,45666706
Bankia;-3,69168231;40,45992376
Bankia;-3,671235167;40,44497226
Bankia;-3,662476926;40,3900135
Bankia;-3,666315708;40,38619861
Bankia;-3,687622786;40,46202005
Bankia;-3,61014682;40,38425634
Bankia;-3,708099642;40,41378831
Bankia;-3,673904715;40,40527191
Bankia;-3,745245504;40,40265391
Bankia;-3,645739137;40,40532453
Bankia;-3,706264739;40,43894373
Bankia;-3,712512428;40,43880629
Bankia;-3,745589406;40,40498503
Bankia;-3,717766567;40,48713392
Bankia;-3,713408626;40,49344013
Bankia;-3,638675954;40,47094048
Bankia;-3,739394971;40,47534002
Bankia;-3,774884377;40,39554012
Bankia;-3,668514965;40,44534838
Bankia;-3,730360487;40,40363177
Bankia;-3,675450693;40,42552425
Bankia;-3,620130062;40,37446437
Bankia;-3,618256633;40,37054642
Bankia;-3,665957212;40,44784963
Bankia;-3,657730088;40,40711281
Bankia;-3,673884819;40,45878565
Bankia;-3,668486965;40,41156466
Bankia;-3,658306685;40,47712761
Bankia;-3,719638419;40,47568994
Bankia;-3,693527478;40,40649822
Bankia;-3,660753811;40,37524842
Bankia;-3,713942544;40,36997727
Bankia;-3,6743522;40,41586396
Bankia;-3,6703084;40,40864419
Bankia;-3,671457311;40,40447533
Bankia;-3,668764721;40,42057211
Bankia;-3,708200547;40,38293163
Bankia;-3,714493178;40,43656884
Bankia;-3,725111545;40,41307026
Bankia;-3,705886041;40,41174779
Bankia;-3,747574063;40,4075488
Bankia;-3,695346756;40,39546921
Bankia;-3,693722185;40,39217263
Bankia;-3,70120617;40,40372217
Bankia;-3,671092916;40,43422532
Bankia;-3,642400934;40,43102795
Bankia;-3,610135757;40,43653609
Bankia;-3,751131299;40,37980486
Bankia;-3,750726613;40,37518583
Bankia;-3,64505549;40,43122939
Bankia;-3,642972823;40,42794368
Bankia;-3,744023368;40,37620213
Bankia;-3,710730606;40,34789766
Bankia;-3,71193229;40,48215203
Bankia;-3,713480288;40,379755
Bankia;-3,699719528;40,39672212
Bankia;-3,674743488;40,41845628
Bankia;-3,646773409;40,44318378
Bankia;-3,694517941;40,43634823
Bankia;-3,698186986;40,4012179
Bankia;-3,734811337;40,40762161
Bankia;-3,675238812;40,43498497
Bankia;-3,676222335;40,4366549
Bankia;-3,690155101;40,34975203
Bankia;-3,706236186;40,45649342
Bankia;-3,700585306;40,42453683
Bankia;-3,780498204;40,38372753
Bankia;-3,706991864;40,38676789
Bankia;-3,708191999;40,40573365
Bankia;-3,619589384;40,37973761
Bankia;-3,682417636;40,43601489
Bankia;-3,724973849;40,39254849
Bankia;-3,727823764;40,39131436
Bankia;-3,772416114;40,37752049
Bankia;-3,775693207;40,37668774
Bankia;-3,70400404;40,47766009
Bankia;-3,665322496;40,47555591
Bankia;-3,679195499;40,42513294
Bankia;-3,709511262;40,36974328
Bankia;-3,700252613;40,41973703
Bankia;-3,615227324;40,45313977
Bankia;-3,765259151;40,38736094
Bankia;-3,639770498;40,42839388
Bankia;-3,694703916;40,42692368
Bankia;-3,70129818;40,35237873
Bankia;-3,629282186;40,425019
Bankia;-3,626510883;40,42109709
Bankia;-3,637345044;40,43746136
Bankia;-3,716764965;40,43510433
Bankia;-3,742395532;40,40496955
Bankia;-3,649635046;40,39500532
Bankia;-3,764932785;40,39600278
Bankia;-3,753831748;40,3906162
Bankia;-3,699422146;40,45335468
Bankia;-3,718190664;40,48042864
Bankia;-3,68728573;40,49258943
Bankia;-3,728795008;40,47477672
Bankia;-3,648435;40,44798528
Bankia;-3,698841216;40,43825912
Bankia;-3,635443897;40,42964297
Bankia;-3,675000996;40,43006743
Bankia;-3,768510854;40,37698794
Bankia;-3,644429431;40,43974641
Bankia;-3,672734114;40,43209866
Bankia;-3,71958594;40,41216784
Bankia;-3,687335995;40,35159767
Bankia;-3,7086082;40,4532627
Bankia;-3,685033097;40,39862989
Bankia;-3,693408122;40,48208448
Bankia;-3,713778227;40,44254623
Bankia;-3,751847959;40,40081836
Bankia;-3,588215533;40,45797407
Bankia;-3,685299451;40,42721404
Bankia;-3,742048806;40,39163837
Bankia;-3,66728542;40,40804906
Bankia;-3,732695738;40,48199524
Bankia;-3,60932493;40,43030611
Bankia;-3,752306361;40,39330182
Bankia;-3,699793438;40,43116326
Bankia;-3,638165064;40,40446567
Bankia;-3,660555;40,39589842
Bankia;-3,670287439;40,44690568
Bankia;-3,776560783;40,52078038
Bankia;-3,712320656;40,38709555
Bankia;-3,688351608;40,45022295
Bankia;-3,711688794;40,3852706
Bankia;-3,70347504;40,38620375
Bankia;-3,663555367;40,41705256
Bankia;-3,662436051;40,4351221
Bankia;-3,663257952;40,38315309
Bankia;-3,666195917;40,39317234
Bankia;-3,687551292;40,35424508
Bankia;-3,651035272;40,42537603
Bankia;-3,697982532;40,44415619
Bankia;-3,680296879;40,4373337
Bankia;-3,709894427;40,47574119
Bankia;-3,691189527;40,37379122
Bankia;-3,606573376;40,39566266
Bankia;-3,692791705;40,5070429
Bankia;-3,7413989;40,38072353
Bankia;-3,635007539;40,46470846
Bankia;-3,691263147;40,47080911
Bankia;-3,675809013;40,4212789
Bankia;-3,676575752;40,41662574
Bankia;-3,7036045;40,46650943
Bankia;-3,683009529;40,42459695
Bankia;-3,672311032;40,42157857
Bankia;-3,744069957;40,38793166
Bankia;-3,736478016;40,38969199
Bankia;-3,753304177;40,38556555
Bankia;-3,711196318;40,45824679
Bankia;-3,778849562;40,37867554
Bankia;-3,694923417;40,45053498
Bankia;-3,662149121;40,48877225
Bankia;-3,648404112;40,38829144
Bankia;-3,630260397;40,4653921
Bankia;-3,704081376;40,42292099
Bankia;-3,702715954;40,40045172
Bankia;-3,696990719;40,46685581
Bankia;-3,713131219;40,47503659
Bankia;-3,679447045;40,45714949
Bankia;-3,713071474;40,42587491
Bankia;-3,687712815;40,45581232
Bankia;-3,655321587;40,49286519
Bankia;-3,679820252;40,42630044
Bankia;-3,67958504;40,43455409
Bankia;-3,673924977;40,45454218
Bankia;-3,668092594;40,38240453
Bankia;-3,717746316;40,42760274
Bankia;-3,692278572;40,43412743
Bankia;-3,766728154;40,38183765
Bankia;-3,697528585;40,44587064
Bankia;-3,651808289;40,40042557
Bankia;-3,709848382;40,47248924
Bankia;-3,657759865;40,42590553
Bankia;-3,686643015;40,34248452
Bankia;-3,716329137;40,43180973
Bankia;-3,772811663;40,45022968
Bankia;-3,697001219;40,44162158
Bankia;-3,700252201;40,42879111
Bankia;-3,705378353;40,43197617
Bankia;-3,707185027;40,42549665
Bankia;-3,721438501;40,46751661
Bankia;-3,626728448;40,37974419
Bankia;-3,727437002;40,42434397
Bankia;-3,662021492;40,42891725
Bankia;-3,703234333;40,48416923
Bankia;-3,702451483;40,44301201
Bankia;-3,697631048;40,43296912
Bankia;-3,69911609;40,43633853
Bankia;-3,697552871;40,37059982
Bankia;-3,645389864;40,47728154
Bankia;-3,686235;40,43574905
Bankia;-3,679145502;40,45414226
Bankia;-3,686831235;40,42945721
Bankia;-3,659815606;40,40344324
Bankia;-3,670747019;40,38396576
Bankia;-3,628513825;40,46277098
Bankia;-3,695673894;40,45926918
Bankia;-3,640320489;40,39812037
Bankia;-3,635351425;40,44486874
Bankia;-3,763825133;40,3918299
Bankia;-3,712803449;40,40494856
Bankia;-3,708948492;40,41044075
Bankia;-3,650032472;40,45100334
Bankia;-3,657074394;40,4487383
Bankia;-3,717383155;40,43003743
Bankia;-3,681445198;40,35247038
Bankia;-3,631019702;40,40280217
Bankia;-3,626084787;40,4323517
Bankia;-3,630218659;40,43062653
Bankia;-3,715700564;40,46702976
Bankia;-3,699381452;40,40618368
Bankia;-3,708794723;40,43060392
Bankia;-3,759196063;40,38671621
Bankia;-3,660678404;40,45911414
Bankia;-3,699217224;40,47795041
Bankia;-3,708152188;40,4614997
Bankia;-3,690864672;40,35466678
Bankia;-3,607075964;40,40438984
Bankia;-3,651627105;40,38040838
Bankia;-3,686311023;40,42235217
Bankia;-3,770627008;40,39728931
Bankia;-3,674886478;40,4445546
Bankia;-3,689497847;40,48620694
Bankia;-3,656884979;40,43412675
Bankia;-3,605933488;40,38080097
Bankia;-3,64727353;40,43385664
Bankia;-3,637662913;40,4336668
Bankia;-3,738304846;40,39513983
Bankia;-3,736150647;40,39425266
Bankia;-3,712948482;40,4097585
Bankia;-3,716022669;40,47514483
Bankia;-3,661341529;40,39920927
Bankia;-3,640753891;40,46491999
Bankia;-3,645874174;40,4638014
Bankia;-3,715844575;40,42057848
Bankia;-3,703558492;40,44740167
Bankia;-3,743066299;40,39523546
Bankia;-3,716689728;40,39802359
Bankia;-3,668299282;40,50925018
Bankia;-3,706264607;40,4299167
Bankia;-3,705322525;40,40405749
Bankia;-3,712371354;40,40196922
Bankia;-3,709464889;40,34622072
Bankia;-3,712914371;40,34505535
Bankia;-3,689202577;40,45964128
Bankia;-3,691456371;40,4516909
Bankia;-3,739889293;40,40963428
Bankia;-3,727827744;40,41356671
Bankia;-3,731715501;40,41231694
Bankia;-3,721968261;40,4222341
Bankia;-3,730531896;40,41076586
Bankia;-3,664813291;40,42629762
Bankia;-3,6926818;40,3895302
Bankia;-3,741617439;40,38668614
Bankia;-3,679463524;40,4072484
Bankia;-3,715816465;40,44016426
Bankia;-3,702130596;40,39741922
Bankia;-3,707229169;40,39818995
Bankia;-3,692369654;40,42231605
Bankia;-3,693685588;40,40123598
Bankia;-3,694561071;40,39813161
Bankia;-3,768618124;40,39471708
Bankia;-3,690436104;40,46607533
Bankia;-3,606028109;40,40187279
Bankia;-3,71761054;40,38597275
Bankia;-3,716525607;40,4047724
Bankia;-3,701209704;40,40860505
Bankia;-3,675763661;40,41085569
Bankia;-3,69052562;40,34336232
Bankia;-3,623228219;40,37831263
Bankia;-3,651554769;40,43889566
Bankia;-3,617165251;40,42648072
Bankia;-3,8684453;40,47177575
Bankia;-3,866964341;40,46394011
Bankia;-3,870133561;40,48010529
Bankia;-3,870929343;40,45403653
Bankia;-3,873820938;40,4742307
Bankia;-3,869201054;40,46634671
Bankia;-3,871463929;40,46985215
Bankia;-3,865034416;40,72744141
Bankia;-3,327111521;40,55450313
Bankia;-3,490033454;40,39690897
Bankia;-3,484224329;40,39693344
Bankia;-3,772157779;40,80802334
Bankia;-3,582945845;40,7317422
Bankia;-4,072827229;40,71480583
Bankia;-3,861913561;40,26031883
Bankia;-3,97155692;40,67993885
Bankia;-3,436882602;40,22964867
Bankia;-3,857299505;40,33073277
Bankia;-3,866803652;40,3209411
Bankia;-3,873364909;40,31952236
Bankia;-3,883852457;40,32858696
Bankia;-3,860492437;40,32816849
Bankia;-3,864036051;40,3272772
Bankia;-3,866103212;40,32323466
Bankia;-3,856233684;40,32464149
Bankia;-3,874301023;40,32730818
Bankia;-3,86179738;40,31878027
Bankia;-3,864597735;40,33808394
Bankia;-3,854452381;40,32713217
Bankia;-3,856194928;40,315984
Bankia;-3,864172625;40,33244741
Bankia;-3,880639649;40,32140416
Bankia;-3,866463087;40,3292861
Bankia;-3,877401442;40,31493319
Bankia;-3,859798188;40,32076815
Bankia;-3,853718164;40,31930866
Bankia;-3,924277635;40,31145999
Bankia;-3,864110954;40,32299731
Bankia;-4,014644302;40,72928605
Bankia;-4,013257866;40,28774161
Bankia;-4,014142721;40,28869783
Bankia;-4,250859837;40,38456888
Bankia;-3,531470514;40,505456
Bankia;-3,767651864;40,23258529
Bankia;-3,75324017;40,22832848
Bankia;-3,77161364;40,24193762
Bankia;-3,772899386;40,2371451
Bankia;-3,773526153;40,23023979
Bankia;-3,765436305;40,23939297
Bankia;-3,771493915;40,23656888
Bankia;-3,76854806;40,24219226
Bankia;-3,764303941;40,24219334
Bankia;-3,603063477;40,74456615
Bankia;-3,698487572;40,23962721
Bankia;-3,695240083;40,24625059
Bankia;-3,700626436;40,24297475
Bankia;-3,694771452;40,24871294
Bankia;-3,788901787;40,44055346
Bankia;-3,789865386;40,44430362
Bankia;-3,796629367;40,43693291
Bankia;-3,802868025;40,44697079
Bankia;-3,815259266;40,4350643
Bankia;-3,809508435;40,43627588
Bankia;-3,817813349;40,43762282
Bankia;-3,879496536;40,90367999
Bankia;-3,51269329;40,32851214
Bankia;-3,534528682;40,36119779
Bankia;-3,534835106;40,3537728
Bankia;-3,546851764;40,36314922
Bankia;-3,55115562;40,36520991
Bankia;-4,237734462;40,50148186
Bankia;-3,922726959;40,5178678
Bankia;-3,877169542;40,49041231
Bankia;-3,870805948;40,49470361
Bankia;-3,872363978;40,49199821
Bankia;-3,897134142;40,52048371
Bankia;-3,896000772;40,55238362
Bankia;-3,526079606;40,4181292
Bankia;-3,536773361;40,42736841
Bankia;-3,532922752;40,42941326
Bankia;-3,53326769;40,42532155
Bankia;-4,146172862;40,59120675
Bankia;-3,571477663;40,20934983
Bankia;-4,400913406;40,36121808
Bankia;-3,631092294;40,55167501
Bankia;-3,620665141;40,56080342
Bankia;-3,634702072;40,55122282
Bankia;-3,626505113;40,54610548
Bankia;-3,624133969;40,54892908
Bankia;-3,63064478;40,54677664
Bankia;-3,635548591;40,55956036
Bankia;-4,028095029;40,34763813
Bankia;-3,783930712;40,75359593
Bankia;-3,460804991;40,46005672
Bankia;-3,467035233;40,46385154
Bankia;-3,475069199;40,459026
Bankia;-3,458637086;40,45172296
Bankia;-3,479263487;40,4567294
Bankia;-3,4787092;40,46338036
Bankia;-3,48421152;40,46089798
Bankia;-3,472089709;40,46135352
Bankia;-3,464138312;40,44568296
Bankia;-3,47272749;40,4530626
Bankia;-3,800162826;40,201346
Bankia;-3,777076738;40,18708831
Bankia;-3,537497505;40,82619197
Bankia;-3,954022645;40,57874703
Bankia;-3,928802862;40,57574547
Bankia;-3,361709376;40,40556189
Bankia;-4,068649438;40,50120538
Bankia;-3,683704968;40,1818213
Bankia;-3,677145587;40,19195038
Bankia;-3,674198866;40,19096754
Bankia;-3,68067481;40,19243421
Bankia;-3,513821009;40,6947028
Bankia;-3,486732428;40,36721973
Bankia;-3,487187987;40,10424301
Bankia;-4,304527899;40,27788699
Bankia;-3,299982172;40,43282896
Bankia;-4,003811426;40,44495002
Bankia;-3,961910089;40,48922454
Bankia;-3,275350156;40,16834969
Bankia;-3,902946962;40,3569262
Bankia;-3,907106924;40,35801978
Bankia;-3,703181759;40,59658201
Bankia;-3,713242433;40,60021392
Bankia;-3,714859709;40,60890637
Bankia;-3,712150395;40,61202212
Bankia;-3,833555799;40,43969956
Bankia;-3,764996581;40,32558717
Bankia;-3,690773205;40,41951477
Bankia;-3,920076025;40,26893423
Bankia;-3,677699189;40,44165526
Bankia;-3,706491685;40,49213128
